[
  {
    "name": "HTML5",
    "icon": "https://img.icons8.com/color/48/000000/html-5--v1.png"
  },
  {
    "name": "CSS3",
    "icon": "https://img.icons8.com/color/48/000000/css3.png"
  },
  {
    "name": "JavaScript",
    "icon": "https://img.icons8.com/color/48/000000/javascript--v1.png"
  },
  {
    "name": "Python",
    "icon": "https://img.icons8.com/color/48/000000/python--v1.png"
  },
  {
    "name": "C",
    "icon": "https://img.icons8.com/color/48/000000/c-programming.png"
  },
  {
    "name": "Java",
    "icon": "https://img.icons8.com/color/48/000000/java-coffee-cup-logo--v1.png"
  },
  {
    "name": "MySQL",
    "icon": "https://img.icons8.com/color/48/000000/mysql-logo.png"
  },
 {
  "name": "Data Analytics",
  "icon": "https://img.icons8.com/color/48/data-configuration.png"
},
  {
  "name": "Machine Learning",
  "icon": "https://img.icons8.com/color/48/artificial-intelligence.png"
}
]
